{
	"header" : "Example",
	"subheader" : "Elegant App UI provided by XXTouchApp.",
	"items" : [
		{
			"label" : "Switch",
			"cell" : "XUIGroupCell"
		},
		{
			"default" : true,
			"defaults" : "com.yourcompany.yourscript",
			"label" : "Enabled",
			"cell" : "XUISwitchCell",
			"key" : "enabled",
			"icon": "res/16.png"
		},
		{
			"label" : "Button",
			"cell" : "XUIGroupCell"
		},
		{
			"url" : "https://www.xxtouch.com",
			"label" : "Open XXTouch.com",
			"cell" : "XUILinkCell"
		},
		{
			"kwargs" : ["mailto://i.82@me.com"],
			"label" : "Contact i.82@me.com",
			"cell" : "XUIButtonCell",
			"action" : "OpenURL:"
		},
		{
			"label" : "Menu",
			"cell" : "XUIGroupCell"
		},
		{
			"url" : "sub\/xui-sub.json",
			"label" : "Load another pane",
			"cell" : "XUILinkCell"
		},
		{
			"url" : "appicon.png",
			"label" : "Open an image",
			"cell" : "XUILinkCell"
		},
		{
			"default" : [

			],
			"defaults" : "com.yourcompany.yourscript",
			"label" : "List of Options",
			"cell" : "XUIOptionCell",
			"key" : "list-1",
			"validTitles" : [
				"Red",
				"Green",
				"Blue"
			],
			"shortTitles" : [
				"Red",
				"Green",
				"Blue"
			],
			"validValues" : [
				1,
				2,
				3
			]
		},
		{
			"default" : [
				1,
				2
			],
			"maxCount" : 2,
			"defaults" : "com.yourcompany.yourscript",
			"label" : "List of Multiple Options",
			"cell" : "XUIMultipleOptionCell",
			"key" : "list-2",
			"validTitles" : [
				"Red",
				"Green",
				"Blue"
			],
			"validValues" : [
				1,
				2,
				3
			]
		},
		{
			"default" : [
				1
			],
			"maxCount" : 2,
			"defaults" : "com.yourcompany.yourscript",
			"label" : "List of Ordered Options",
			"cell" : "XUIOrderedOptionCell",
			"key" : "list-3",
			"validTitles" : [
				"Red",
				"Green",
				"Blue"
			],
			"validValues" : [
				1,
				2,
				3
			],
			"minCount" : 1
		},
		{
			"label" : "Segment",
			"cell" : "XUIGroupCell"
		},
		{
			"default" : "",
			"defaults" : "com.yourcompany.yourscript",
			"label" : "List of Options",
			"cell" : "XUISegmentCell",
			"key" : "list-segment",
			"shortTitles" : [
				"Red",
				"Green",
				"Blue"
			],
			"validTitles" : [
				"Red",
				"Green",
				"Blue"
			],
			"validValues" : [
				1,
				2,
				3
			]
		},
		{
			"default" : [
				1,
				2
			],
			"maxCount" : 4,
			"defaults" : "com.yourcompany.yourscript",
			"cell" : "XUICheckboxCell",
			"key" : "checkbox",
			"validTitles" : [
				"Red",
				"Green",
				"Blue",
				"Yellow",
				"Purple",
				"Black",
				"White"
			],
			"validValues" : [
				1,
				2,
				3,
				4,
				5,
				6,
				7
			]
		},
		{
			"default" : "fifth",
			"defaults" : "com.yourcompany.yourscript",
			"cell" : "XUIRadioCell",
			"key" : "radio",
			"validTitles" : [
				"First",
				"Second",
				"Third",
				"Fourth",
				"Fifth, please!",
				"Zero"
			],
			"validValues" : [
				"first",
				"second",
				"third",
				"fourth",
				"fifth",
				"sixth"
			]
		},
		{
			"label" : "Number",
			"cell" : "XUIGroupCell"
		},
		{
			"default" : 5,
			"min" : 1,
			"defaults" : "com.yourcompany.yourscript",
			"isSegmented" : true,
			"cell" : "XUISliderCell",
			"key" : "slider",
			"label" : "Slider",
			"max" : 10,
			"showValue" : true
		},
		{
			"default" : 5,
			"min" : 1,
			"defaults" : "com.yourcompany.yourscript",
			"autoRepeat" : true,
			"cell" : "XUIStepperCell",
			"key" : "stepper",
			"label" : "Stepper",
			"max" : 10,
			"isInteger": true
		},
		{
			"footerText" : "This is the footer text of this section.",
			"label" : "TextField",
			"cell" : "XUIGroupCell"
		},
		{
			"default" : "",
			"defaults" : "com.yourcompany.yourscript",
			"label" : "Username",
			"cell" : "XUITextFieldCell",
			"key" : "username",
			"keyboard" : "default",
			"noAutoCorrect" : true,
			"placeholder" : "Enter the username"
		},
		{
			"default" : "",
			"defaults" : "com.yourcompany.yourscript",
			"label" : "Password",
			"cell" : "XUISecureTextFieldCell",
			"key" : "password",
			"keyboard" : "ascii",
			"noAutoCorrect" : true,
			"placeholder" : "Enter the password"
		},
		{
			"label" : "StaticText",
			"cell" : "XUIGroupCell"
		},
		{
			"label" : "This specifier uses the label key as text content.\nDynamic height of this cell is enabled.",
			"cell" : "XUIStaticTextCell"
		}
	],
	"title" : "Demo"
}